sample,tempo,grid,durasi,kerapatan,pengulangan,split,inst_class,source_track,segment,notes,span_s,audio_path,midi_path
Track01876_S01,44,2,panjang,rendah,sedang,dev,Piano,Track01876,whole,553,245.47,new_dataset/slakh_subset/Track01876/stems/S01.flac,new_dataset/slakh_subset/Track01876/MIDI/S01.mid
Track01878_S00,140,2,panjang,sedang,rendah,dev,Piano,Track01878,whole,1038,275.02,new_dataset/slakh_subset/Track01878/stems/S00.flac,new_dataset/slakh_subset/Track01878/MIDI/S00.mid
Track01880_S01,81,2,panjang,rendah,tinggi,test,Guitar,Track01880,whole,130,237.72,new_dataset/slakh_subset/Track01880/stems/S01.flac,new_dataset/slakh_subset/Track01880/MIDI/S01.mid
Track01881_S01,133,2,panjang,tinggi,tinggi,dev,Guitar,Track01881,whole,1876,377.17,new_dataset/slakh_subset/Track01881/stems/S01.flac,new_dataset/slakh_subset/Track01881/MIDI/S01.mid
Track01883_S05,113,1,sedang,sedang,tinggi,test,Guitar,Track01883,whole,753,205.57,new_dataset/slakh_subset/Track01883/stems/S05.flac,new_dataset/slakh_subset/Track01883/MIDI/S05.mid
Track01884_S02_s00,76,2,pendek,rendah,rendah,test,Piano,Track01884,0,40,23.68,data/slakh_v2/audio/Track01884_S02_s00.flac,data/slakh_v2/ground_truth/Track01884_S02_s00.mid
Track01884_S02_s01,76,2,pendek,rendah,rendah,test,Piano,Track01884,1,40,23.68,data/slakh_v2/audio/Track01884_S02_s01.flac,data/slakh_v2/ground_truth/Track01884_S02_s01.mid
Track01884_S02_s02,76,2,pendek,rendah,sedang,test,Piano,Track01884,2,141,61.57,data/slakh_v2/audio/Track01884_S02_s02.flac,data/slakh_v2/ground_truth/Track01884_S02_s02.mid
Track01886_S01,158,3,panjang,tinggi,rendah,test,Guitar,Track01886,whole,1203,254.56,new_dataset/slakh_subset/Track01886/stems/S01.flac,new_dataset/slakh_subset/Track01886/MIDI/S01.mid
Track01888_S00,78,2,panjang,sedang,sedang,test,Piano,Track01888,whole,1018,292.78,new_dataset/slakh_subset/Track01888/stems/S00.flac,new_dataset/slakh_subset/Track01888/MIDI/S00.mid
Track01889_S00,50,2,panjang,rendah,sedang,test,Piano,Track01889,whole,758,269.43,new_dataset/slakh_subset/Track01889/stems/S00.flac,new_dataset/slakh_subset/Track01889/MIDI/S00.mid
Track01892_S01,72,3,pendek,tinggi,sedang,test,Piano,Track01892,whole,1909,171.24,new_dataset/slakh_subset/Track01892/stems/S01.flac,new_dataset/slakh_subset/Track01892/MIDI/S01.mid
Track01893_S02,107,1,sedang,rendah,sedang,test,Guitar,Track01893,whole,339,212.36,new_dataset/slakh_subset/Track01893/stems/S02.flac,new_dataset/slakh_subset/Track01893/MIDI/S02.mid
Track01896_S00,66,2,panjang,tinggi,rendah,test,Piano,Track01896,whole,1374,274.52,new_dataset/slakh_subset/Track01896/stems/S00.flac,new_dataset/slakh_subset/Track01896/MIDI/S00.mid
Track01899_S01,116,2,pendek,sedang,rendah,dev,Piano,Track01899,whole,715,159.22,new_dataset/slakh_subset/Track01899/stems/S01.flac,new_dataset/slakh_subset/Track01899/MIDI/S01.mid
Track01901_S03,128,2,sedang,rendah,tinggi,dev,Guitar,Track01901,whole,448,237.63,new_dataset/slakh_subset/Track01901/stems/S03.flac,new_dataset/slakh_subset/Track01901/MIDI/S03.mid
Track01904_S00,62,2,panjang,tinggi,sedang,test,Piano,Track01904,whole,1600,285.09,new_dataset/slakh_subset/Track01904/stems/S00.flac,new_dataset/slakh_subset/Track01904/MIDI/S00.mid
Track01906_S00_s00,60,2,pendek,rendah,tinggi,test,Piano,Track01906,0,124,52.84,data/slakh_v2/audio/Track01906_S00_s00.flac,data/slakh_v2/ground_truth/Track01906_S00_s00.mid
Track01906_S00_s01,60,2,pendek,sedang,sedang,test,Piano,Track01906,1,92,21.24,data/slakh_v2/audio/Track01906_S00_s01.flac,data/slakh_v2/ground_truth/Track01906_S00_s01.mid
Track01908_S02,137,2,pendek,rendah,sedang,test,Piano,Track01908,whole,485,160.73,new_dataset/slakh_subset/Track01908/stems/S02.flac,new_dataset/slakh_subset/Track01908/MIDI/S02.mid
Track01911_S00,230,2,pendek,tinggi,tinggi,dev,Guitar,Track01911,whole,974,160.71,new_dataset/slakh_subset/Track01911/stems/S00.flac,new_dataset/slakh_subset/Track01911/MIDI/S00.mid
Track01920_S03,75,2,panjang,sedang,tinggi,test,Piano,Track01920,whole,814,239.51,new_dataset/slakh_subset/Track01920/stems/S03.flac,new_dataset/slakh_subset/Track01920/MIDI/S03.mid
Track01925_S01,123,1,pendek,tinggi,tinggi,dev,Piano,Track01925,whole,1899,157.79,new_dataset/slakh_subset/Track01925/stems/S01.flac,new_dataset/slakh_subset/Track01925/MIDI/S01.mid
Track01927_S00_s00,117,2,pendek,rendah,sedang,test,Piano,Track01927,0,174,99.22,data/slakh_v2/audio/Track01927_S00_s00.flac,data/slakh_v2/ground_truth/Track01927_S00_s00.mid
Track01927_S00_s01,117,2,pendek,sedang,rendah,test,Piano,Track01927,1,91,27.69,data/slakh_v2/audio/Track01927_S00_s01.flac,data/slakh_v2/ground_truth/Track01927_S00_s01.mid
Track01928_S01_s00,83,2,pendek,rendah,rendah,dev,Guitar,Track01928,0,78,24.58,data/slakh_v2/audio/Track01928_S01_s00.flac,data/slakh_v2/ground_truth/Track01928_S01_s00.mid
Track01929_S02,47,2,sedang,sedang,sedang,dev,Piano,Track01929,whole,912,208.16,new_dataset/slakh_subset/Track01929/stems/S02.flac,new_dataset/slakh_subset/Track01929/MIDI/S02.mid
Track01930_S00,73,2,panjang,sedang,sedang,test,Piano,Track01930,whole,1191,313.53,new_dataset/slakh_subset/Track01930/stems/S00.flac,new_dataset/slakh_subset/Track01930/MIDI/S00.mid
Track01931_S02,77,2,sedang,sedang,sedang,test,Guitar,Track01931,whole,1006,225.47,new_dataset/slakh_subset/Track01931/stems/S02.flac,new_dataset/slakh_subset/Track01931/MIDI/S02.mid
Track01932_S02,62,2,sedang,sedang,rendah,test,Piano,Track01932,whole,835,233.34,new_dataset/slakh_subset/Track01932/stems/S02.flac,new_dataset/slakh_subset/Track01932/MIDI/S02.mid
Track01934_S03_s00,68,2,pendek,rendah,rendah,test,Piano,Track01934,0,105,40.62,data/slakh_v2/audio/Track01934_S03_s00.flac,data/slakh_v2/ground_truth/Track01934_S03_s00.mid
Track01934_S03_s01,68,2,pendek,sedang,rendah,test,Piano,Track01934,1,132,38.03,data/slakh_v2/audio/Track01934_S03_s01.flac,data/slakh_v2/ground_truth/Track01934_S03_s01.mid
Track01935_S01,169,2,sedang,rendah,sedang,test,Piano,Track01935,whole,473,181.78,new_dataset/slakh_subset/Track01935/stems/S01.flac,new_dataset/slakh_subset/Track01935/MIDI/S01.mid
Track01937_S01,88,2,sedang,tinggi,sedang,test,Piano,Track01937,whole,1349,190.91,new_dataset/slakh_subset/Track01937/stems/S01.flac,new_dataset/slakh_subset/Track01937/MIDI/S01.mid
Track01943_S04,123,3,panjang,rendah,rendah,test,Guitar,Track01943,whole,831,265.43,new_dataset/slakh_subset/Track01943/stems/S04.flac,new_dataset/slakh_subset/Track01943/MIDI/S04.mid
Track01947_S00_s00,54,3,pendek,sedang,tinggi,test,Piano,Track01947,0,681,167.86,data/slakh_v2/audio/Track01947_S00_s00.flac,data/slakh_v2/ground_truth/Track01947_S00_s00.mid
Track01948_S00,73,2,panjang,sedang,rendah,test,Piano,Track01948,whole,1134,244.93,new_dataset/slakh_subset/Track01948/stems/S00.flac,new_dataset/slakh_subset/Track01948/MIDI/S00.mid
Track01949_S00,102,2,sedang,sedang,tinggi,test,Piano,Track01949,whole,783,178.0,new_dataset/slakh_subset/Track01949/stems/S00.flac,new_dataset/slakh_subset/Track01949/MIDI/S00.mid
Track01951_S00,61,2,sedang,tinggi,tinggi,test,Piano,Track01951,whole,1457,202.54,new_dataset/slakh_subset/Track01951/stems/S00.flac,new_dataset/slakh_subset/Track01951/MIDI/S00.mid
Track01952_S01,83,2,sedang,tinggi,rendah,test,Guitar,Track01952,whole,2147,198.53,new_dataset/slakh_subset/Track01952/stems/S01.flac,new_dataset/slakh_subset/Track01952/MIDI/S01.mid
Track01954_S01,158,3,panjang,tinggi,rendah,test,Guitar,Track01954,whole,1203,254.56,new_dataset/slakh_subset/Track01954/stems/S01.flac,new_dataset/slakh_subset/Track01954/MIDI/S01.mid
Track01955_S01,85,2,panjang,sedang,tinggi,test,Guitar,Track01955,whole,1245,273.88,new_dataset/slakh_subset/Track01955/stems/S01.flac,new_dataset/slakh_subset/Track01955/MIDI/S01.mid
Track01961_S02,70,2,panjang,rendah,rendah,test,Piano,Track01961,whole,702,318.48,new_dataset/slakh_subset/Track01961/stems/S02.flac,new_dataset/slakh_subset/Track01961/MIDI/S02.mid
Track01962_S02_s00,123,2,sedang,sedang,tinggi,test,Piano,Track01962,0,849,218.38,data/slakh_v2/audio/Track01962_S02_s00.flac,data/slakh_v2/ground_truth/Track01962_S02_s00.mid
Track01963_S02,90,2,sedang,tinggi,tinggi,test,Piano,Track01963,whole,1540,229.29,new_dataset/slakh_subset/Track01963/stems/S02.flac,new_dataset/slakh_subset/Track01963/MIDI/S02.mid
Track01967_S00,91,2,panjang,tinggi,sedang,test,Guitar,Track01967,whole,3043,242.16,new_dataset/slakh_subset/Track01967/stems/S00.flac,new_dataset/slakh_subset/Track01967/MIDI/S00.mid
Track01972_S01,137,2,panjang,tinggi,sedang,dev,Piano,Track01972,whole,1790,318.96,new_dataset/slakh_subset/Track01972/stems/S01.flac,new_dataset/slakh_subset/Track01972/MIDI/S01.mid
Track01973_S02,150,2,panjang,tinggi,tinggi,dev,Piano,Track01973,whole,1436,256.0,new_dataset/slakh_subset/Track01973/stems/S02.flac,new_dataset/slakh_subset/Track01973/MIDI/S02.mid
Track01977_S02,66,2,sedang,tinggi,sedang,test,Guitar,Track01977,whole,1262,221.68,new_dataset/slakh_subset/Track01977/stems/S02.flac,new_dataset/slakh_subset/Track01977/MIDI/S02.mid
Track01978_S00,66,2,panjang,rendah,rendah,test,Piano,Track01978,whole,803,292.81,new_dataset/slakh_subset/Track01978/stems/S00.flac,new_dataset/slakh_subset/Track01978/MIDI/S00.mid
Track01981_S01,158,3,panjang,tinggi,rendah,test,Guitar,Track01981,whole,1203,254.56,new_dataset/slakh_subset/Track01981/stems/S01.flac,new_dataset/slakh_subset/Track01981/MIDI/S01.mid
Track01982_S00,57,2,pendek,tinggi,tinggi,test,Guitar,Track01982,whole,2075,155.89,new_dataset/slakh_subset/Track01982/stems/S00.flac,new_dataset/slakh_subset/Track01982/MIDI/S00.mid
Track01989_S02,66,3,panjang,rendah,sedang,test,Piano,Track01989,whole,857,288.34,new_dataset/slakh_subset/Track01989/stems/S02.flac,new_dataset/slakh_subset/Track01989/MIDI/S02.mid
Track01993_S01,76,2,sedang,sedang,sedang,test,Guitar,Track01993,whole,727,189.14,new_dataset/slakh_subset/Track01993/stems/S01.flac,new_dataset/slakh_subset/Track01993/MIDI/S01.mid
Track01994_S01,103,0,sedang,rendah,tinggi,test,Guitar,Track01994,whole,203,176.88,new_dataset/slakh_subset/Track01994/stems/S01.flac,new_dataset/slakh_subset/Track01994/MIDI/S01.mid
Track01997_S08_s00,65,2,pendek,sedang,rendah,test,Guitar,Track01997,0,51,13.26,data/slakh_v2/audio/Track01997_S08_s00.flac,data/slakh_v2/ground_truth/Track01997_S08_s00.mid
Track01997_S08_s01,65,2,pendek,sedang,rendah,test,Guitar,Track01997,1,55,15.08,data/slakh_v2/audio/Track01997_S08_s01.flac,data/slakh_v2/ground_truth/Track01997_S08_s01.mid
Track02001_S00,96,2,panjang,sedang,tinggi,test,Piano,Track02001,whole,1617,382.45,new_dataset/slakh_subset/Track02001/stems/S00.flac,new_dataset/slakh_subset/Track02001/MIDI/S00.mid
Track02003_S04,72,2,panjang,rendah,rendah,test,Guitar,Track02003,whole,438,271.45,new_dataset/slakh_subset/Track02003/stems/S04.flac,new_dataset/slakh_subset/Track02003/MIDI/S04.mid
Track02005_S03,63,2,sedang,sedang,sedang,test,Guitar,Track02005,whole,887,199.69,new_dataset/slakh_subset/Track02005/stems/S03.flac,new_dataset/slakh_subset/Track02005/MIDI/S03.mid
Track02008_S00,62,2,pendek,tinggi,tinggi,test,Piano,Track02008,whole,1276,170.57,new_dataset/slakh_subset/Track02008/stems/S00.flac,new_dataset/slakh_subset/Track02008/MIDI/S00.mid
Track02013_S00_s00,130,2,panjang,tinggi,rendah,test,Piano,Track02013,0,2513,337.83,data/slakh_v2/audio/Track02013_S00_s00.flac,data/slakh_v2/ground_truth/Track02013_S00_s00.mid
Track02013_S00_s01,130,2,pendek,tinggi,rendah,test,Piano,Track02013,1,351,37.18,data/slakh_v2/audio/Track02013_S00_s01.flac,data/slakh_v2/ground_truth/Track02013_S00_s01.mid
Track02014_S00,160,3,panjang,rendah,sedang,test,Piano,Track02014,whole,453,255.0,new_dataset/slakh_subset/Track02014/stems/S00.flac,new_dataset/slakh_subset/Track02014/MIDI/S00.mid
Track02017_S01,169,1,sedang,tinggi,sedang,test,Piano,Track02017,whole,975,205.47,new_dataset/slakh_subset/Track02017/stems/S01.flac,new_dataset/slakh_subset/Track02017/MIDI/S01.mid
Track02019_S02,90,2,panjang,rendah,sedang,dev,Piano,Track02019,whole,610,277.11,new_dataset/slakh_subset/Track02019/stems/S02.flac,new_dataset/slakh_subset/Track02019/MIDI/S02.mid
Track02023_S01,72,2,sedang,rendah,rendah,test,Guitar,Track02023,whole,259,235.53,new_dataset/slakh_subset/Track02023/stems/S01.flac,new_dataset/slakh_subset/Track02023/MIDI/S01.mid
Track02026_S01,149,3,pendek,rendah,rendah,test,Guitar,Track02026,whole,414,157.71,new_dataset/slakh_subset/Track02026/stems/S01.flac,new_dataset/slakh_subset/Track02026/MIDI/S01.mid
Track02029_S01,158,3,panjang,tinggi,rendah,dev,Guitar,Track02029,whole,1203,254.56,new_dataset/slakh_subset/Track02029/stems/S01.flac,new_dataset/slakh_subset/Track02029/MIDI/S01.mid
Track02031_S00,60,2,panjang,rendah,sedang,test,Guitar,Track02031,whole,370,253.0,new_dataset/slakh_subset/Track02031/stems/S00.flac,new_dataset/slakh_subset/Track02031/MIDI/S00.mid
Track02036_S00,104,2,sedang,tinggi,sedang,test,Guitar,Track02036,whole,1136,236.43,new_dataset/slakh_subset/Track02036/stems/S00.flac,new_dataset/slakh_subset/Track02036/MIDI/S00.mid
Track02037_S01_s00,123,2,pendek,sedang,tinggi,test,Guitar,Track02037,0,649,150.62,data/slakh_v2/audio/Track02037_S01_s00.flac,data/slakh_v2/ground_truth/Track02037_S01_s00.mid
Track02037_S01_s01,123,2,pendek,sedang,tinggi,test,Guitar,Track02037,1,517,128.21,data/slakh_v2/audio/Track02037_S01_s01.flac,data/slakh_v2/ground_truth/Track02037_S01_s01.mid
Track02038_S01_s00,126,3,pendek,sedang,sedang,test,Piano,Track02038,0,431,134.64,data/slakh_v2/audio/Track02038_S01_s00.flac,data/slakh_v2/ground_truth/Track02038_S01_s00.mid
Track02038_S01_s01,126,3,pendek,rendah,rendah,test,Piano,Track02038,1,142,47.02,data/slakh_v2/audio/Track02038_S01_s01.flac,data/slakh_v2/ground_truth/Track02038_S01_s01.mid
Track02042_S00,62,2,sedang,rendah,tinggi,test,Piano,Track02042,whole,682,232.94,new_dataset/slakh_subset/Track02042/stems/S00.flac,new_dataset/slakh_subset/Track02042/MIDI/S00.mid
Track02044_S02,148,2,sedang,tinggi,sedang,test,Guitar,Track02044,whole,1603,188.21,new_dataset/slakh_subset/Track02044/stems/S02.flac,new_dataset/slakh_subset/Track02044/MIDI/S02.mid
Track02045_S01,100,2,panjang,rendah,tinggi,test,Guitar,Track02045,whole,638,256.77,new_dataset/slakh_subset/Track02045/stems/S01.flac,new_dataset/slakh_subset/Track02045/MIDI/S01.mid
Track02047_S00_s00,113,2,sedang,tinggi,tinggi,test,Piano,Track02047,0,1190,186.74,data/slakh_v2/audio/Track02047_S00_s00.flac,data/slakh_v2/ground_truth/Track02047_S00_s00.mid
Track02047_S00_s01,113,2,pendek,tinggi,tinggi,test,Piano,Track02047,1,959,133.8,data/slakh_v2/audio/Track02047_S00_s01.flac,data/slakh_v2/ground_truth/Track02047_S00_s01.mid
Track02050_S01,57,2,sedang,tinggi,tinggi,test,Piano,Track02050,whole,1648,231.46,new_dataset/slakh_subset/Track02050/stems/S01.flac,new_dataset/slakh_subset/Track02050/MIDI/S01.mid
Track02052_S00_s00,226,2,sedang,rendah,rendah,test,Guitar,Track02052,0,362,202.38,data/slakh_v2/audio/Track02052_S00_s00.flac,data/slakh_v2/ground_truth/Track02052_S00_s00.mid
Track02054_S00,112,2,panjang,sedang,tinggi,test,Piano,Track02054,whole,1309,316.24,new_dataset/slakh_subset/Track02054/stems/S00.flac,new_dataset/slakh_subset/Track02054/MIDI/S00.mid
Track02061_S00,75,0,panjang,sedang,sedang,test,Guitar,Track02061,whole,961,284.79,new_dataset/slakh_subset/Track02061/stems/S00.flac,new_dataset/slakh_subset/Track02061/MIDI/S00.mid
Track02062_S03,56,2,sedang,sedang,tinggi,test,Guitar,Track02062,whole,915,202.95,new_dataset/slakh_subset/Track02062/stems/S03.flac,new_dataset/slakh_subset/Track02062/MIDI/S03.mid
Track02064_S00,64,2,sedang,rendah,rendah,dev,Guitar,Track02064,whole,103,190.18,new_dataset/slakh_subset/Track02064/stems/S00.flac,new_dataset/slakh_subset/Track02064/MIDI/S00.mid
Track02067_S00,70,2,pendek,rendah,rendah,test,Guitar,Track02067,whole,70,57.42,new_dataset/slakh_subset/Track02067/stems/S00.flac,new_dataset/slakh_subset/Track02067/MIDI/S00.mid
Track02069_S00,160,2,sedang,rendah,rendah,test,Piano,Track02069,whole,376,225.26,new_dataset/slakh_subset/Track02069/stems/S00.flac,new_dataset/slakh_subset/Track02069/MIDI/S00.mid
Track02074_S03,121,1,panjang,tinggi,tinggi,dev,Piano,Track02074,whole,1521,284.57,new_dataset/slakh_subset/Track02074/stems/S03.flac,new_dataset/slakh_subset/Track02074/MIDI/S03.mid
Track02081_S01,114,2,sedang,tinggi,sedang,test,Guitar,Track02081,whole,1042,218.57,new_dataset/slakh_subset/Track02081/stems/S01.flac,new_dataset/slakh_subset/Track02081/MIDI/S01.mid
Track02082_S00,95,2,sedang,tinggi,tinggi,test,Guitar,Track02082,whole,1173,173.04,new_dataset/slakh_subset/Track02082/stems/S00.flac,new_dataset/slakh_subset/Track02082/MIDI/S00.mid
Track02083_S01,40,2,pendek,sedang,sedang,test,Piano,Track02083,whole,430,114.55,new_dataset/slakh_subset/Track02083/stems/S01.flac,new_dataset/slakh_subset/Track02083/MIDI/S01.mid
Track02084_S00_s00,74,2,pendek,sedang,sedang,test,Piano,Track02084,0,87,25.94,data/slakh_v2/audio/Track02084_S00_s00.flac,data/slakh_v2/ground_truth/Track02084_S00_s00.mid
Track02084_S00_s01,74,2,pendek,sedang,tinggi,test,Piano,Track02084,1,150,45.32,data/slakh_v2/audio/Track02084_S00_s01.flac,data/slakh_v2/ground_truth/Track02084_S00_s01.mid
Track02086_S03,117,1,panjang,sedang,tinggi,test,Piano,Track02086,whole,1117,287.17,new_dataset/slakh_subset/Track02086/stems/S03.flac,new_dataset/slakh_subset/Track02086/MIDI/S03.mid
Track02090_S01,65,2,sedang,sedang,sedang,dev,Guitar,Track02090,whole,757,207.68,new_dataset/slakh_subset/Track02090/stems/S01.flac,new_dataset/slakh_subset/Track02090/MIDI/S01.mid
Track02093_S01,220,3,sedang,tinggi,tinggi,test,Guitar,Track02093,whole,1658,221.25,new_dataset/slakh_subset/Track02093/stems/S01.flac,new_dataset/slakh_subset/Track02093/MIDI/S01.mid
Track02095_S01,69,2,sedang,tinggi,tinggi,dev,Guitar,Track02095,whole,2418,222.01,new_dataset/slakh_subset/Track02095/stems/S01.flac,new_dataset/slakh_subset/Track02095/MIDI/S01.mid
Track02096_S02,98,2,pendek,tinggi,rendah,dev,Piano,Track02096,whole,897,164.16,new_dataset/slakh_subset/Track02096/stems/S02.flac,new_dataset/slakh_subset/Track02096/MIDI/S02.mid
Track02098_S01,75,2,pendek,rendah,rendah,test,Piano,Track02098,whole,139,73.6,new_dataset/slakh_subset/Track02098/stems/S01.flac,new_dataset/slakh_subset/Track02098/MIDI/S01.mid
